subscr_id,student_id,course_id,status
1,26,2,active
2,48,9,active
3,22,3,active
4,50,10,active
5,10,3,pending
6,4,11,active
7,39,8,active
8,23,7,active
9,34,11,active
10,39,1,active
11,21,2,active
12,12,3,active
13,33,9,pending
14,23,2,active
15,28,1,active
16,19,2,active
17,11,13,cancelled
18,28,14,active
19,20,12,active
20,33,11,active
21,50,6,active
22,7,3,active
23,50,11,active
24,41,6,active
25,29,11,active
26,33,2,active
27,4,6,pending
28,5,11,pending
29,6,10,active
30,38,9,cancelled
31,37,11,active
32,33,3,cancelled
33,22,12,active
34,3,4,active
35,34,9,active
36,19,7,active
37,41,11,active
38,36,11,active
39,43,3,cancelled
40,9,10,active
41,36,7,active
42,43,7,active
43,20,3,cancelled
44,13,4,cancelled
45,19,14,pending
46,33,13,active
47,43,6,pending
48,40,3,active
49,12,14,active
50,47,8,active
51,29,10,active
52,35,4,active
53,24,11,cancelled
54,30,13,active
55,11,14,active
56,17,1,active
57,36,15,active
58,49,3,active
59,15,14,active
60,4,7,active
61,6,6,active
62,3,5,cancelled
63,49,12,active
64,6,1,active
65,36,12,active
66,50,5,active
67,16,7,active
68,5,2,pending
69,32,10,active
70,46,3,active
71,23,4,active
72,34,6,active
73,25,14,active
74,24,5,active
75,16,12,active
76,9,1,active
77,30,12,active
78,46,13,cancelled
79,13,1,pending
80,3,6,cancelled
81,35,8,active
82,23,14,pending
83,42,6,active
84,28,15,active
85,32,12,active
86,6,12,active
87,7,2,active
88,46,7,active
89,29,1,active
90,40,7,active
91,41,7,active
92,2,3,pending
93,44,13,active
94,16,13,active
95,37,1,active
96,24,6,active
97,9,9,active
98,8,1,active
99,17,13,active
100,40,5,active
101,13,2,active
102,12,15,active
103,44,14,cancelled
104,46,2,active
105,13,13,active
106,2,6,active
107,36,3,active
108,20,7,cancelled
109,34,7,pending
110,37,2,active
