submission_id,homework_id,student_id,file_url,grade
1,3,26,https://drive.google.com/file/d/2WNl7A4dhjkuRv630pNIhsHFk6jOSL0IZ/view,5
2,4,26,https://drive.google.com/file/d/NJOVzNEMr7DXQsedBEmLtST18iwItCqpg/view,
3,17,48,https://drive.google.com/file/d/z73Y5Slj9C2EfyCoKdrL0PragiqwzcdIw/view,8
4,18,48,https://drive.google.com/file/d/Vr9Qh8yXv6UmFFciuDCLFuMk9TsuZHRsY/view,7
5,5,22,https://drive.google.com/file/d/KXSQbD7WWJSKkMM0jQb6gbtjQzW52Tdim/view,7
6,6,22,https://drive.google.com/file/d/x7CHHP1QXqE7rs68VRQEDI5SrJH3yvVjc/view,8
7,20,50,https://drive.google.com/file/d/pDmH5RiMKpPGNdzSgVaI5z52Dm7tO4fJH/view,9
8,16,39,https://drive.google.com/file/d/5cZWlU2rcsL5uCNG3iFqYuTOSausPlLNz/view,5
9,13,23,https://drive.google.com/file/d/PliupqoU7sSaOQdhtzF3Rth4sMnijULzI/view,7
10,14,23,https://drive.google.com/file/d/ZVQKWGGw4gZ3mHk0BQSE3BdizIIPtbpan/view,9
11,21,34,https://drive.google.com/file/d/d95e5bzVV8OA9x14xQPHOvlHGTnabsPHG/view,9
12,1,39,https://drive.google.com/file/d/l2VbOM63oeKBP2pcBHUWi9o4JJVYo29Gz/view,6
13,2,39,https://drive.google.com/file/d/24MAE86PWtzjxUD0sRX4I8IipmO50fSlq/view,8
14,6,12,https://drive.google.com/file/d/Pnm4s4nlTUU4RRyotrCOtw2CXSVtmtc1T/view,9
15,3,23,https://drive.google.com/file/d/JzjuxZEOQpY7NEkXkSE4HNdc06PVz0oRa/view,8
16,4,23,https://drive.google.com/file/d/N54OaGzbSHrFRA6l4GoMpvXe7CpRsZe9O/view,8
17,1,28,https://drive.google.com/file/d/IdakEAWJ1fGcn13Dce53Ic5t7KUSyekoZ/view,7
18,2,28,https://drive.google.com/file/d/xTXQeUvgoeLMK8uNWBoIxlKxVspeqxWjy/view,6
19,3,19,https://drive.google.com/file/d/6BVgfAIFgfILW1azWSI9pGQkqqjkrsWw6/view,
20,27,28,https://drive.google.com/file/d/gs6uMXuuY18it6mt78sREJpxYyhIKHQI7/view,7
21,28,28,https://drive.google.com/file/d/XZe0XPispjAxBLKH51zc8RYK4gpPkLINO/view,7
22,24,20,https://drive.google.com/file/d/aqFGJJByVKFvbgz7h6itCmDDBRtsYh0OP/view,4
23,21,33,https://drive.google.com/file/d/FIuACXNlOyT2BAanrRXJXHwmhPE7tyyhv/view,5
24,22,33,https://drive.google.com/file/d/PX4KPtohxiyKJAEH45kkrl0M17EmxIOzE/view,
25,12,50,https://drive.google.com/file/d/JXncnrWJVEFJqH9HUVBnATOp2bq1f1hYn/view,
26,11,41,https://drive.google.com/file/d/mmdvrHuRrq19Qf7W491h1pSZVPEJqzCN2/view,10
27,12,41,https://drive.google.com/file/d/R2CEK10f8NR0Xy8ZEurHi0W3VcMZb5jC9/view,6
28,21,29,https://drive.google.com/file/d/2s22fwfPOdMTUAffneKGBavh1RDofXgws/view,5
29,22,29,https://drive.google.com/file/d/i9iGaOBSMjzQ1fgUKx7tirfILLWQ0OsGF/view,10
30,4,33,https://drive.google.com/file/d/37EgEKG895i1JwQV7VbeqcdWFMFzRfHMr/view,
31,19,6,https://drive.google.com/file/d/8juKVONtB7op5hLdPOkaiaEvGYqxU2Th3/view,5
32,20,6,https://drive.google.com/file/d/dSJeCwEJwpgJSoFc1pDxj51I4TAtzSqex/view,8
33,21,37,https://drive.google.com/file/d/nFcy21VtfCwsWTpw89WTHXj5bHNQauVxT/view,5
34,22,37,https://drive.google.com/file/d/8A78irco0z3CUKFNyKdPis05yZuCo6iVg/view,
35,23,22,https://drive.google.com/file/d/zH7mtqhjQZRcZufpwFPq9bzCUpCXiaZ8i/view,6
36,7,3,https://drive.google.com/file/d/fK4e9mOYf0Yh6d5ASExAv4rBjMMOE2Dfx/view,9
37,8,3,https://drive.google.com/file/d/GNXX9WwHE4Fyltn3Wd9GV98gOqY4d9n0X/view,10
38,17,34,https://drive.google.com/file/d/kotTwKRvJi6ZY8HkcdLbDuMXvlX1djRig/view,10
39,18,34,https://drive.google.com/file/d/x6ygsij6X7Ok8R5WnKktQhT66y97cL57n/view,4
40,13,19,https://drive.google.com/file/d/uevtN7YPTuanQvWScBAkz2vxZWJVnBXcb/view,5
41,14,19,https://drive.google.com/file/d/v3je68u93RAOLAdu8zI5HOsfyIEdafZMD/view,
42,21,41,https://drive.google.com/file/d/N8DhWD3qNyxxlcBqZIjRfPYzUodyG7Q6J/view,
43,22,41,https://drive.google.com/file/d/3SF3XQMhUk98YhA9A9MZp44eyyurC2WMG/view,7
44,21,36,https://drive.google.com/file/d/JK7ggWW122qOJDkyMQyy2QdDqxuXt01Q8/view,5
45,22,36,https://drive.google.com/file/d/BZqzOlnZTV1YFjtFi02blZZpC4RqZFNhb/view,9
46,19,9,https://drive.google.com/file/d/7DIvZqZfbd0WnnnmOF17QDikXnL6SRr30/view,5
47,20,9,https://drive.google.com/file/d/sGMKa970IKrQDururO7OlGod1YztibEs4/view,
48,13,36,https://drive.google.com/file/d/RJlTnHW4PF002lghqYVlQufwUtWuqs0D1/view,8
49,14,36,https://drive.google.com/file/d/DmhQGz1j9v939i1lfu9tdCmVJjWWiAAAD/view,4
50,13,43,https://drive.google.com/file/d/xatZlPMpQvhxKkZssTKu39v3wl64zoTiT/view,9
51,14,43,https://drive.google.com/file/d/wOc2pHd9PObQzxHDjRNsPPqLiZgShhgmm/view,
52,25,33,https://drive.google.com/file/d/wzjH4QDoafgJE6WeS4NC8qdY20wPAh03a/view,5
53,26,33,https://drive.google.com/file/d/wBM2fYly7qx0XOXhRd6jzKXQlxwbQZ8i5/view,6
54,5,40,https://drive.google.com/file/d/dOa1GUSn72GQMATDPNjZ3Ma5FDEkUturF/view,4
55,6,40,https://drive.google.com/file/d/oCXB1BhEOgzIafLMsFmP6wdnCIMDOShVn/view,10
56,27,12,https://drive.google.com/file/d/sGRckiSSgLl5yCWSgz5ZKVBO7iEGd50DF/view,10
57,15,47,https://drive.google.com/file/d/YgOLt2zLQpyvsXiL2F0HtTInnSQ5iS8lH/view,9
58,7,35,https://drive.google.com/file/d/SP3H2AagxddqW8QjdWmHwCMPInOyFXRQc/view,9
59,8,35,https://drive.google.com/file/d/8tIapMW1Z4ROUHLW7slQlkFxAIiKpuSjj/view,10
60,25,30,https://drive.google.com/file/d/5MPEJwWtnleFzHfnnuwnUG9Z8aPB4MM7Q/view,
61,26,30,https://drive.google.com/file/d/xHr4YxXBc3lF6k7HaePV1AgHR8WO6UjCu/view,4
62,27,11,https://drive.google.com/file/d/XIJoqyNAbPHNMUKRe5gWsfVByODHiyXH7/view,
63,28,11,https://drive.google.com/file/d/1O7a2icJyHfnTTn40ilMphPJdU9INePpm/view,10
64,1,17,https://drive.google.com/file/d/hOgM3tBMsKJwtAapnTB0iT2CwsIkL01iH/view,6
65,2,17,https://drive.google.com/file/d/T30NYJVncq3HOjy3K1iFfwao78QUijJJ2/view,4
66,29,36,https://drive.google.com/file/d/cVoqoPGXy42cOg8NqTJJxxK3ep8nzYvX3/view,6
67,30,36,https://drive.google.com/file/d/keNnlwShoYSDDnjZbcJjNcJdql7LIbSPr/view,7
68,5,49,https://drive.google.com/file/d/1kZLXYlOqSvCKoxgm1FAjfDMcWFhDiLZ3/view,7
69,28,15,https://drive.google.com/file/d/RA6DVvX4ZJApV4fLHpaUaGGxmXzgAKqHJ/view,4
70,11,6,https://drive.google.com/file/d/IIlID9JWyi1hoW6gFWXMQdyNXZDLfqwLS/view,
71,23,49,https://drive.google.com/file/d/SL6YNBmOXrcLFokcoaj9WvyKGTefrZ4v7/view,6
72,24,49,https://drive.google.com/file/d/CzakFIFvhFpHXpBxDpvWQ31DpxWnRXzvH/view,5
73,2,6,https://drive.google.com/file/d/PYe5Dv3q6Q4EmT2mmpMjg5PPMVHcDME93/view,7
74,24,36,https://drive.google.com/file/d/rnJdXDHFyQk8RCQanKuLqIoDMwEnRx0rl/view,8
75,9,50,https://drive.google.com/file/d/YSXI1mXTDaAi3NHtEp1cgknp0fUqwIYvz/view,5
76,10,50,https://drive.google.com/file/d/mJOkWwPET3xrNikYuNJ0ekotsqNqB1wK7/view,8
77,13,16,https://drive.google.com/file/d/bTP6Rekgd2IbyVfqjO2tprMiZbP1uD8Hq/view,
78,14,16,https://drive.google.com/file/d/HKCU2ANH4DoftzjaGVirHQEUsVXLXHl2B/view,9
79,19,32,https://drive.google.com/file/d/yxqAoV4YQrUYz0lrNMqMlbdHlgqSTojEv/view,9
80,20,32,https://drive.google.com/file/d/CXu07dWeDl0YZhVpVBTcCVG8DQtuNc6Gp/view,6
81,6,46,https://drive.google.com/file/d/P8oAaXKyp8KQQjVpEQu8VdwjHgEtINv3T/view,10
82,7,23,https://drive.google.com/file/d/i3EBsRllvTrZ4IejsqwaNxlb1WoSOHyGE/view,9
83,8,23,https://drive.google.com/file/d/ztfOc6lbglbNyEMKdnSa5O5ZDNwU3YXdM/view,6
84,11,34,https://drive.google.com/file/d/s67gSGlGpMlUzgNwCP2klyuj9Bvt9uxVA/view,10
85,28,25,https://drive.google.com/file/d/V5p7ByT8KG9ssn1bYQrII5jcwiwKoYfy4/view,
86,24,16,https://drive.google.com/file/d/RYfNcYxW5u2A5hVU05NNdGtJuRjP98UJf/view,9
87,1,9,https://drive.google.com/file/d/ifJdyfFViiIEOmMTpeWu5fPAvtKbs9M9B/view,5
88,2,9,https://drive.google.com/file/d/YmxU0gd651YaRgBbmHmGqDTiRbKPckrWM/view,
89,23,30,https://drive.google.com/file/d/eOP4wgs2x8FS4ELfm7ISc5sEUbQws98rd/view,4
90,24,30,https://drive.google.com/file/d/966nvyiTGQ2QzJAtLBiOKQmiQ34A4VOJj/view,10
91,15,35,https://drive.google.com/file/d/ht2TV2zzB535qWglVLqJooQwQDFLSx0Ei/view,9
92,16,35,https://drive.google.com/file/d/VaqzU9Ue591EuCpzcTxtLUKG2WGBZc9Gy/view,
93,12,42,https://drive.google.com/file/d/7lB2Vrks4Q4COfFlK3HyubC332fuOSkTf/view,9
94,23,32,https://drive.google.com/file/d/XF6xxV4JOj1lSAtVBMhimMpC1Ha2oKDze/view,9
95,23,6,https://drive.google.com/file/d/MYmldvjcJLufg9krORJI7UwcVu3YV0eDh/view,8
96,3,7,https://drive.google.com/file/d/RLgTM9DQ59rLtG9viIGNElLR8abMh0X9z/view,5
97,4,7,https://drive.google.com/file/d/nNQpesIVhuyJ7ZmZ5DDcijC13CY5dGJQI/view,9
98,13,46,https://drive.google.com/file/d/X3v8rb8M0JyK1URtbzEoC6nsgWW4BbDFl/view,6
99,2,29,https://drive.google.com/file/d/Vg8G9mcy1htc02u3gVUbVNnmrHVPqjh7I/view,5
100,13,40,https://drive.google.com/file/d/tiRrpeMvBiDPgdAlKKZRMtYSPH8UCiY5D/view,8
101,14,40,https://drive.google.com/file/d/VD6i3pwl4u1uEegD0rvJFzSgIesCKopjD/view,9
102,13,41,https://drive.google.com/file/d/RA8JvRkPTSZhKugBtzLQKYuNdniKUYUOC/view,
103,14,41,https://drive.google.com/file/d/mQtJ4s6A8vfa9zhswIdRYw11oRytxxHPD/view,7
104,25,44,https://drive.google.com/file/d/0j9PieaSEB9fNzCWLAlFIBwlLJ0oFzHw8/view,6
105,26,44,https://drive.google.com/file/d/J7eTG1UrGGLpNPPQHJM4HaC4Juv8skRLs/view,4
106,26,16,https://drive.google.com/file/d/kd9YMrfF0rir1agkKjBYqREX1vfi5jE9V/view,8
107,1,37,https://drive.google.com/file/d/kJ0dqYdCDD65oQyqGArXxtG7gGv0LOqqX/view,9
108,2,37,https://drive.google.com/file/d/VUTKmuQlHPZaggBnrlbf6OZ6NRh1iO3J7/view,7
109,17,9,https://drive.google.com/file/d/N5rA4VukeWxud7qBE5LlEiVnN4SgeJpB3/view,4
110,18,9,https://drive.google.com/file/d/PqR4JF6EB0WWHa7YDJ5wQyN7fH7eCVOkc/view,4
111,1,8,https://drive.google.com/file/d/R3NwfNTilSKEdHtHZB9cdWchYPCQ2jJ5c/view,
112,2,8,https://drive.google.com/file/d/4MpOaN4YgLZdYhKMdmuZTyhQHt7nckdqU/view,7
113,25,17,https://drive.google.com/file/d/B5cg0LWaEalfO2zYVQmNGz6LclE6MWvao/view,5
114,26,17,https://drive.google.com/file/d/M19FCMmdgj04Ej5dwmpM3CgdHjbFeoBJz/view,4
115,3,13,https://drive.google.com/file/d/oozm3eKdBnLlxCmwqubJrgCzVnsjX74JI/view,
116,4,13,https://drive.google.com/file/d/E9KZrTTpuJ3KjJa8cDVcGDXYCoIaT6isO/view,8
117,29,12,https://drive.google.com/file/d/kCJK8CiRl2MRaMxQGsURLJmQMu5F4wdxC/view,6
118,30,12,https://drive.google.com/file/d/IeRm8ohD6J7nUnvqQrdvEGhSQHsMX6Y6e/view,9
119,4,46,https://drive.google.com/file/d/3r7grRE2GMs8HivBNsd2o6NzvOuKR0Bsi/view,
120,26,13,https://drive.google.com/file/d/xr0jr7MjHlkR4Xjh9JBwmRP8jB8Hhb5V6/view,7
121,12,2,https://drive.google.com/file/d/8uRDr68JjJ4BQT3iIty0BfdNKn6rbHBPf/view,8
122,5,36,https://drive.google.com/file/d/tL64wj0wxrv82fTB9XrX8A3iKfmD19e7U/view,
123,6,36,https://drive.google.com/file/d/zISUilxIcZZsICbaq7ZDO3zEQphr9eUKJ/view,6
