homework_id,lesson_id,description
1,2,"Complete the practice task for the lesson ""Variables and Data Types"" and upload your file."
2,4,"Complete the practice task for the lesson ""Functions"" and upload your file."
3,6,"Complete the practice task for the lesson ""SELECT and Filtering"" and upload your file."
4,8,"Complete the practice task for the lesson ""Aggregate Functions"" and upload your file."
5,10,"Complete the practice task for the lesson ""JavaScript Syntax"" and upload your file."
6,12,"Complete the practice task for the lesson ""Fetch API"" and upload your file."
7,14,"Complete the practice task for the lesson ""Pandas DataFrames"" and upload your file."
8,16,"Complete the practice task for the lesson ""Visualization with Matplotlib"" and upload your file."
9,18,"Complete the practice task for the lesson ""Present Simple"" and upload your file."
10,20,"Complete the practice task for the lesson ""Small Talk"" and upload your file."
11,22,"Complete the practice task for the lesson ""Phone Calls"" and upload your file."
12,24,"Complete the practice task for the lesson ""Negotiations"" and upload your file."
13,26,"Complete the practice task for the lesson ""Numbers and Time"" and upload your file."
14,28,"Complete the practice task for the lesson ""Shopping Dialogues"" and upload your file."
15,30,"Complete the practice task for the lesson ""Basic Phrases"" and upload your file."
16,32,"Complete the practice task for the lesson ""At the Restaurant"" and upload your file."
17,34,"Complete the practice task for the lesson ""Frames and Components"" and upload your file."
18,36,"Complete the practice task for the lesson ""Interactive Prototypes"" and upload your file."
19,38,"Complete the practice task for the lesson ""Color Theory"" and upload your file."
20,40,"Complete the practice task for the lesson ""Logo Design"" and upload your file."
21,42,"Complete the practice task for the lesson ""Retouching"" and upload your file."
22,44,"Complete the practice task for the lesson ""Social Media Banners"" and upload your file."
23,46,"Complete the practice task for the lesson ""Content Plan"" and upload your file."
24,48,"Complete the practice task for the lesson ""Analytics"" and upload your file."
25,50,"Complete the practice task for the lesson ""SEO Basics"" and upload your file."
26,52,"Complete the practice task for the lesson ""Email Marketing"" and upload your file."
27,54,"Complete the practice task for the lesson ""Saving and Investing"" and upload your file."
28,56,"Complete the practice task for the lesson ""Financial Goals"" and upload your file."
29,58,"Complete the practice task for the lesson ""Agile and Scrum"" and upload your file."
30,60,"Complete the practice task for the lesson ""Risk Management"" and upload your file."
