lesson_id,position,course_id,title,video_url
1,1,1,Installing Python and IDE,https://www.youtube.com/watch?v=5VEqpOXHOre
2,2,1,Variables and Data Types,https://www.youtube.com/watch?v=sruIioSTeAI
3,3,1,Conditions and Loops,https://www.youtube.com/watch?v=AnA5LS2Wyaw
4,4,1,Functions,https://www.youtube.com/watch?v=W29AVIMooBb
5,1,2,Relational Databases,https://www.youtube.com/watch?v=U16-I6LQfB3
6,2,2,SELECT and Filtering,https://www.youtube.com/watch?v=lquDv4r8A1E
7,3,2,JOIN Queries,https://www.youtube.com/watch?v=Vd8oe9cbp1N
8,4,2,Aggregate Functions,https://www.youtube.com/watch?v=pEh8DqxM9TX
9,1,3,HTML and CSS Basics,https://www.youtube.com/watch?v=gbtR9zTeSOg
10,2,3,JavaScript Syntax,https://www.youtube.com/watch?v=X2Mh-YwBxGv
11,3,3,DOM Manipulation,https://www.youtube.com/watch?v=20g9O1TBU9r
12,4,3,Fetch API,https://www.youtube.com/watch?v=ZIEBUr21f4p
13,1,4,NumPy Basics,https://www.youtube.com/watch?v=vFuFwqrM4JH
14,2,4,Pandas DataFrames,https://www.youtube.com/watch?v=mpAJpETCbsz
15,3,4,Data Cleaning,https://www.youtube.com/watch?v=pQxJw_JwDto
16,4,4,Visualization with Matplotlib,https://www.youtube.com/watch?v=UuV8SmVrLWM
17,1,5,Alphabet and Pronunciation,https://www.youtube.com/watch?v=sxtTicds8OW
18,2,5,Present Simple,https://www.youtube.com/watch?v=gasEv9q3heF
19,3,5,Everyday Vocabulary,https://www.youtube.com/watch?v=KRjZ8fpJAMN
20,4,5,Small Talk,https://www.youtube.com/watch?v=Xy6tLBKd9gW
21,1,6,Writing Business Emails,https://www.youtube.com/watch?v=QkleaCMsoTS
22,2,6,Phone Calls,https://www.youtube.com/watch?v=DR7YOQ7BIP6
23,3,6,Presentations,https://www.youtube.com/watch?v=0ektVKshSS8
24,4,6,Negotiations,https://www.youtube.com/watch?v=GFfcBuqf91K
25,1,7,Greetings and Introductions,https://www.youtube.com/watch?v=KWlHCr_B0-E
26,2,7,Numbers and Time,https://www.youtube.com/watch?v=AugkAFQzWcf
27,3,7,Articles and Nouns,https://www.youtube.com/watch?v=qhX30a3DdHN
28,4,7,Shopping Dialogues,https://www.youtube.com/watch?v=FCdris4FbOZ
29,1,8,Polish Alphabet,https://www.youtube.com/watch?v=JJf_6Dh1FTG
30,2,8,Basic Phrases,https://www.youtube.com/watch?v=r1-pJy6G43r
31,3,8,Verb Conjugation,https://www.youtube.com/watch?v=YA7G0stL_Fj
32,4,8,At the Restaurant,https://www.youtube.com/watch?v=IwJIDumSKoX
33,1,9,Figma Interface,https://www.youtube.com/watch?v=VTZyQ0-FcGL
34,2,9,Frames and Components,https://www.youtube.com/watch?v=33CHDUAPjE-
35,3,9,Auto Layout,https://www.youtube.com/watch?v=vSP222yuTW3
36,4,9,Interactive Prototypes,https://www.youtube.com/watch?v=ceO6_VBgO3C
37,1,10,Composition,https://www.youtube.com/watch?v=cYsxjHKYkf3
38,2,10,Color Theory,https://www.youtube.com/watch?v=Np6jDqqaZ5R
39,3,10,Typography,https://www.youtube.com/watch?v=kCwLOBq2myE
40,4,10,Logo Design,https://www.youtube.com/watch?v=pKK_s-QrKRV
41,1,11,Layers and Masks,https://www.youtube.com/watch?v=15XoZomqWXR
42,2,11,Retouching,https://www.youtube.com/watch?v=igOcYcxi6uA
43,3,11,Color Correction,https://www.youtube.com/watch?v=mY4xGrk689s
44,4,11,Social Media Banners,https://www.youtube.com/watch?v=3ZDeWoRRz2J
45,1,12,Target Audience,https://www.youtube.com/watch?v=aIDRRL08gob
46,2,12,Content Plan,https://www.youtube.com/watch?v=4J6oe06tAi8
47,3,12,Instagram Promotion,https://www.youtube.com/watch?v=tFg4iDQV8AV
48,4,12,Analytics,https://www.youtube.com/watch?v=jAgFA8cxC82
49,1,13,Marketing Funnel,https://www.youtube.com/watch?v=I-wzmh2DQPM
50,2,13,SEO Basics,https://www.youtube.com/watch?v=bYpiKeWnn3v
51,3,13,Paid Ads,https://www.youtube.com/watch?v=j5a2jiqlQba
52,4,13,Email Marketing,https://www.youtube.com/watch?v=YpuldVHVEXG
53,1,14,Budgeting,https://www.youtube.com/watch?v=G8cY3HD9dEz
54,2,14,Saving and Investing,https://www.youtube.com/watch?v=RF6efMerOJu
55,3,14,Credit and Loans,https://www.youtube.com/watch?v=_HDMgS2PXUn
56,4,14,Financial Goals,https://www.youtube.com/watch?v=CovDAgBQxj7
57,1,15,Project Lifecycle,https://www.youtube.com/watch?v=1fgVZJLJvhw
58,2,15,Agile and Scrum,https://www.youtube.com/watch?v=QW3U9MwKnQo
59,3,15,Planning Tools,https://www.youtube.com/watch?v=g2xWKZ2-0NP
60,4,15,Risk Management,https://www.youtube.com/watch?v=b71rlStva3K
