payment_id,subscr_id,amount,status,transaction_id
1,1,180.00,paid,TXN-1131671246
2,2,90.00,paid,TXN-7098134112
3,3,120.00,paid,TXN-8394198376
4,4,150.00,paid,TXN-4793925798
5,5,120.00,pending,
6,6,90.00,paid,TXN-7116096874
7,7,120.00,paid,TXN-3200510647
8,8,90.00,paid,TXN-7842459488
9,9,90.00,paid,TXN-6242086783
10,10,200.00,paid,TXN-6392415228
11,11,180.00,paid,TXN-8503368512
12,12,120.00,paid,TXN-4022245086
13,13,90.00,pending,
14,14,180.00,paid,TXN-4187043237
15,15,200.00,paid,TXN-8044354825
16,16,180.00,paid,TXN-9444763362
17,17,110.00,refunded,TXN-2554145481
18,18,110.00,paid,TXN-5632753983
19,19,110.00,paid,TXN-1722124509
20,20,90.00,paid,TXN-3190227431
21,21,140.00,paid,TXN-1634323009
22,22,120.00,paid,TXN-1323639855
23,23,90.00,paid,TXN-7977267911
24,24,140.00,paid,TXN-5588254555
25,25,90.00,paid,TXN-5536224717
26,26,180.00,paid,TXN-2940955281
27,27,140.00,pending,
28,28,90.00,pending,
29,29,150.00,paid,TXN-6946306973
30,30,90.00,refunded,TXN-5471158508
31,31,90.00,paid,TXN-7893447569
32,32,120.00,refunded,TXN-2934982045
33,33,110.00,paid,TXN-3775094726
34,34,250.00,paid,TXN-9551219870
35,35,90.00,paid,TXN-6857897124
36,36,90.00,paid,TXN-3567900251
37,37,90.00,paid,TXN-2416011033
38,38,90.00,paid,TXN-5940815822
39,39,120.00,refunded,TXN-8138816152
40,40,150.00,paid,TXN-5658832688
41,41,90.00,paid,TXN-9991312028
42,42,90.00,paid,TXN-5373266871
43,43,120.00,refunded,TXN-8585583166
44,44,250.00,refunded,TXN-1665484476
45,45,110.00,pending,
46,46,110.00,paid,TXN-3261436148
47,47,140.00,pending,
48,48,120.00,paid,TXN-1662510569
49,49,110.00,paid,TXN-4876877928
50,50,120.00,paid,TXN-4090596936
51,51,150.00,paid,TXN-2928130926
52,52,250.00,paid,TXN-4586784711
53,53,90.00,refunded,TXN-9523104008
54,54,110.00,paid,TXN-7560389844
55,55,110.00,paid,TXN-3597009738
56,56,200.00,paid,TXN-9049270990
57,57,110.00,paid,TXN-4655730355
58,58,120.00,paid,TXN-2878930355
59,59,110.00,paid,TXN-5409514899
60,60,90.00,paid,TXN-6307626407
61,61,140.00,paid,TXN-1627276995
62,62,110.00,refunded,TXN-4569592370
63,63,110.00,paid,TXN-3642900640
64,64,200.00,paid,TXN-4586139213
65,65,110.00,paid,TXN-2817865363
66,66,110.00,paid,TXN-1523334661
67,67,90.00,paid,TXN-7969918312
68,68,180.00,pending,
69,69,150.00,paid,TXN-3469810046
70,70,120.00,paid,TXN-9596653373
71,71,250.00,paid,TXN-3869961166
72,72,140.00,paid,TXN-3380064537
73,73,110.00,paid,TXN-8025152555
74,74,110.00,paid,TXN-5585133383
75,75,110.00,paid,TXN-8544878538
76,76,200.00,paid,TXN-3760786161
77,77,110.00,paid,TXN-1579187439
78,78,110.00,refunded,TXN-5453811475
79,79,200.00,pending,
80,80,140.00,refunded,TXN-7508522951
81,81,120.00,paid,TXN-6115750294
82,82,110.00,pending,
83,83,140.00,paid,TXN-8728116828
84,84,110.00,paid,TXN-9403012103
85,85,110.00,paid,TXN-7525240100
86,86,110.00,paid,TXN-6556684476
87,87,180.00,paid,TXN-6564731230
88,88,90.00,paid,TXN-7201539282
89,89,200.00,paid,TXN-9210290540
90,90,90.00,paid,TXN-5071218314
91,91,90.00,paid,TXN-3918046336
92,92,120.00,pending,
93,93,110.00,paid,TXN-1542153826
94,94,110.00,paid,TXN-6850392220
95,95,200.00,paid,TXN-8211516617
96,96,140.00,paid,TXN-9920154998
97,97,90.00,paid,TXN-2196963451
98,98,200.00,paid,TXN-3412365931
99,99,110.00,paid,TXN-2916728422
100,100,110.00,paid,TXN-9584045520
101,101,180.00,paid,TXN-5613018394
102,102,110.00,paid,TXN-5283209430
103,103,110.00,refunded,TXN-8163317351
104,104,180.00,paid,TXN-1963110410
105,105,110.00,paid,TXN-8689593739
106,106,140.00,paid,TXN-6879428703
107,107,120.00,paid,TXN-1370292681
108,108,90.00,refunded,TXN-8382488970
109,109,90.00,pending,
110,110,180.00,paid,TXN-5613503623
