student_id,first_name,last_name,email,password_hash,phone_number
1,Aliaksandr,Kuzmich,aliaksandr.kuzmich@gmail.com,$2b$12$GtxavrYRaH0iuxT8nDQIl.iavxSXHfqp6GLLPGrzq7CHoe0K1AmMe,+375298078673
2,Alena,Bandarenka,alena.bandarenka@yandex.by,$2b$12$GtxavrYRaH0iuxT8nDQIl.iavxSXHfqp6GLLPGrzq7CHoe0K1AmMe,+375254698379
3,Palina,Kavaliova,palina.kavaliova@yandex.by,$2b$12$GtxavrYRaH0iuxT8nDQIl.iavxSXHfqp6GLLPGrzq7CHoe0K1AmMe,+375443608513
4,Kseniya,Novik,kseniya.novik12@gmail.com,$2b$12$GtxavrYRaH0iuxT8nDQIl.iavxSXHfqp6GLLPGrzq7CHoe0K1AmMe,+375445437923
5,Yahor,Tkachou,yahor.tkachou16@gmail.com,$2b$12$GtxavrYRaH0iuxT8nDQIl.iavxSXHfqp6GLLPGrzq7CHoe0K1AmMe,+375444226067
6,Uladzislau,Sakalou,uladzislau.sakalou30@gmail.com,$2b$12$GtxavrYRaH0iuxT8nDQIl.iavxSXHfqp6GLLPGrzq7CHoe0K1AmMe,
7,Ivan,Kuzmich,ivan.kuzmich59@gmail.com,$2b$12$GtxavrYRaH0iuxT8nDQIl.iavxSXHfqp6GLLPGrzq7CHoe0K1AmMe,+375335479144
8,Siarhei,Lisouski,siarhei.lisouski@yandex.by,$2b$12$GtxavrYRaH0iuxT8nDQIl.iavxSXHfqp6GLLPGrzq7CHoe0K1AmMe,+375338755439
9,Valeryia,Shauchenka,valeryia.shauchenka88@gmail.com,$2b$12$GtxavrYRaH0iuxT8nDQIl.iavxSXHfqp6GLLPGrzq7CHoe0K1AmMe,+375296292423
10,Alena,Bandarenka,alena.bandarenka73@gmail.com,$2b$12$GtxavrYRaH0iuxT8nDQIl.iavxSXHfqp6GLLPGrzq7CHoe0K1AmMe,+375258698256
11,Maryia,Shauchenka,maryia.shauchenka96@yandex.by,$2b$12$GtxavrYRaH0iuxT8nDQIl.iavxSXHfqp6GLLPGrzq7CHoe0K1AmMe,+375257073292
12,Maryia,Yakimovich,maryia.yakimovich@gmail.com,$2b$12$GtxavrYRaH0iuxT8nDQIl.iavxSXHfqp6GLLPGrzq7CHoe0K1AmMe,
13,Volha,Sakalova,volha.sakalova@mail.ru,$2b$12$GtxavrYRaH0iuxT8nDQIl.iavxSXHfqp6GLLPGrzq7CHoe0K1AmMe,+375259877065
14,Valeryia,Kavaliova,valeryia.kavaliova@yandex.by,$2b$12$GtxavrYRaH0iuxT8nDQIl.iavxSXHfqp6GLLPGrzq7CHoe0K1AmMe,
15,Kiryl,Novik,kiryl.novik38@gmail.com,$2b$12$GtxavrYRaH0iuxT8nDQIl.iavxSXHfqp6GLLPGrzq7CHoe0K1AmMe,+375449398441
16,Danila,Novik,danila.novik81@yandex.by,$2b$12$GtxavrYRaH0iuxT8nDQIl.iavxSXHfqp6GLLPGrzq7CHoe0K1AmMe,+375333564217
17,Volha,Tkachova,volha.tkachova@yandex.by,$2b$12$GtxavrYRaH0iuxT8nDQIl.iavxSXHfqp6GLLPGrzq7CHoe0K1AmMe,+375292876828
18,Ilya,Shauchenka,ilya.shauchenka@yandex.by,$2b$12$GtxavrYRaH0iuxT8nDQIl.iavxSXHfqp6GLLPGrzq7CHoe0K1AmMe,
19,Yana,Petrova,yana.petrova@gmail.com,$2b$12$GtxavrYRaH0iuxT8nDQIl.iavxSXHfqp6GLLPGrzq7CHoe0K1AmMe,+375335446912
20,Viktar,Marozau,viktar.marozau@yandex.by,$2b$12$GtxavrYRaH0iuxT8nDQIl.iavxSXHfqp6GLLPGrzq7CHoe0K1AmMe,+375448350099
21,Yahor,Novik,yahor.novik@gmail.com,$2b$12$GtxavrYRaH0iuxT8nDQIl.iavxSXHfqp6GLLPGrzq7CHoe0K1AmMe,+375334694634
22,Hanna,Shauchenka,hanna.shauchenka@mail.ru,$2b$12$GtxavrYRaH0iuxT8nDQIl.iavxSXHfqp6GLLPGrzq7CHoe0K1AmMe,+375335672073
23,Yauhen,Tkachou,yauhen.tkachou17@gmail.com,$2b$12$GtxavrYRaH0iuxT8nDQIl.iavxSXHfqp6GLLPGrzq7CHoe0K1AmMe,+375254194548
24,Alina,Hrynkevich,alina.hrynkevich55@mail.ru,$2b$12$GtxavrYRaH0iuxT8nDQIl.iavxSXHfqp6GLLPGrzq7CHoe0K1AmMe,
25,Darya,Ivanova,darya.ivanova52@gmail.com,$2b$12$GtxavrYRaH0iuxT8nDQIl.iavxSXHfqp6GLLPGrzq7CHoe0K1AmMe,+375339997381
26,Alina,Melnik,alina.melnik36@gmail.com,$2b$12$GtxavrYRaH0iuxT8nDQIl.iavxSXHfqp6GLLPGrzq7CHoe0K1AmMe,
27,Valeryia,Novik,valeryia.novik@gmail.com,$2b$12$GtxavrYRaH0iuxT8nDQIl.iavxSXHfqp6GLLPGrzq7CHoe0K1AmMe,
28,Pavel,Marozau,pavel.marozau63@gmail.com,$2b$12$GtxavrYRaH0iuxT8nDQIl.iavxSXHfqp6GLLPGrzq7CHoe0K1AmMe,
29,Pavel,Lukashevich,pavel.lukashevich1@mail.ru,$2b$12$GtxavrYRaH0iuxT8nDQIl.iavxSXHfqp6GLLPGrzq7CHoe0K1AmMe,
30,Ilya,Marozau,ilya.marozau90@gmail.com,$2b$12$GtxavrYRaH0iuxT8nDQIl.iavxSXHfqp6GLLPGrzq7CHoe0K1AmMe,+375331981186
31,Mikhail,Ivanou,mikhail.ivanou96@gmail.com,$2b$12$GtxavrYRaH0iuxT8nDQIl.iavxSXHfqp6GLLPGrzq7CHoe0K1AmMe,+375259436429
32,Danila,Melnik,danila.melnik@gmail.com,$2b$12$GtxavrYRaH0iuxT8nDQIl.iavxSXHfqp6GLLPGrzq7CHoe0K1AmMe,+375294946066
33,Natallia,Shauchenka,natallia.shauchenka@yandex.by,$2b$12$GtxavrYRaH0iuxT8nDQIl.iavxSXHfqp6GLLPGrzq7CHoe0K1AmMe,+375445374922
34,Kseniya,Shauchenka,kseniya.shauchenka34@gmail.com,$2b$12$GtxavrYRaH0iuxT8nDQIl.iavxSXHfqp6GLLPGrzq7CHoe0K1AmMe,+375448670955
35,Alena,Kavaliova,alena.kavaliova@gmail.com,$2b$12$GtxavrYRaH0iuxT8nDQIl.iavxSXHfqp6GLLPGrzq7CHoe0K1AmMe,+375443222252
36,Siarhei,Shauchenka,siarhei.shauchenka48@gmail.com,$2b$12$GtxavrYRaH0iuxT8nDQIl.iavxSXHfqp6GLLPGrzq7CHoe0K1AmMe,+375449874152
37,Valeryia,Zhuk,valeryia.zhuk@gmail.com,$2b$12$GtxavrYRaH0iuxT8nDQIl.iavxSXHfqp6GLLPGrzq7CHoe0K1AmMe,+375293607983
38,Liudmila,Bandarenka,liudmila.bandarenka92@gmail.com,$2b$12$GtxavrYRaH0iuxT8nDQIl.iavxSXHfqp6GLLPGrzq7CHoe0K1AmMe,+375449479356
39,Hanna,Petrova,hanna.petrova82@mail.ru,$2b$12$GtxavrYRaH0iuxT8nDQIl.iavxSXHfqp6GLLPGrzq7CHoe0K1AmMe,+375443194789
40,Artsiom,Melnik,artsiom.melnik95@yandex.by,$2b$12$GtxavrYRaH0iuxT8nDQIl.iavxSXHfqp6GLLPGrzq7CHoe0K1AmMe,+375292876932
41,Maryia,Tkachova,maryia.tkachova5@yandex.by,$2b$12$GtxavrYRaH0iuxT8nDQIl.iavxSXHfqp6GLLPGrzq7CHoe0K1AmMe,+375253138181
42,Sviatlana,Ivanova,sviatlana.ivanova@yandex.by,$2b$12$GtxavrYRaH0iuxT8nDQIl.iavxSXHfqp6GLLPGrzq7CHoe0K1AmMe,+375296933742
43,Raman,Lisouski,raman.lisouski@gmail.com,$2b$12$GtxavrYRaH0iuxT8nDQIl.iavxSXHfqp6GLLPGrzq7CHoe0K1AmMe,
44,Pavel,Marozau,pavel.marozau@yandex.by,$2b$12$GtxavrYRaH0iuxT8nDQIl.iavxSXHfqp6GLLPGrzq7CHoe0K1AmMe,
45,Raman,Sakalou,raman.sakalou@mail.ru,$2b$12$GtxavrYRaH0iuxT8nDQIl.iavxSXHfqp6GLLPGrzq7CHoe0K1AmMe,+375297417985
46,Hleb,Shauchenka,hleb.shauchenka26@mail.ru,$2b$12$GtxavrYRaH0iuxT8nDQIl.iavxSXHfqp6GLLPGrzq7CHoe0K1AmMe,+375334740036
47,Yuliya,Lukashevich,yuliya.lukashevich43@gmail.com,$2b$12$GtxavrYRaH0iuxT8nDQIl.iavxSXHfqp6GLLPGrzq7CHoe0K1AmMe,
48,Veranika,Lukashevich,veranika.lukashevich87@gmail.com,$2b$12$GtxavrYRaH0iuxT8nDQIl.iavxSXHfqp6GLLPGrzq7CHoe0K1AmMe,+375443995870
49,Artsiom,Ivanou,artsiom.ivanou14@mail.ru,$2b$12$GtxavrYRaH0iuxT8nDQIl.iavxSXHfqp6GLLPGrzq7CHoe0K1AmMe,+375448321474
50,Danila,Novik,danila.novik@mail.ru,$2b$12$GtxavrYRaH0iuxT8nDQIl.iavxSXHfqp6GLLPGrzq7CHoe0K1AmMe,+375251028374
